{"cameraMode":{"drawMode":0,"name":"Shaded","section":"Shading Mode"},"sceneLighting":false,"audioPlay":false,"sceneViewState":{"showFog":true,"showMaterialUpdate":false,"showSkybox":false,"showFlares":true,"showImageEffects":true,"showParticleSystems":true},"in2DMode":false,"pivot":{"x":3.728790283203125,"y":-0.25341796875,"z":-0.541015625},"rotation":{"x":0.1591595858335495,"y":-0.03334224596619606,"z":0.004789679776877165,"w":0.9867740869522095},"size":11.770730972290039,"orthographic":true}