{"cameraMode":{"drawMode":0,"name":"Shaded","section":"Shading Mode"},"sceneLighting":true,"audioPlay":false,"sceneViewState":{"showFog":true,"showMaterialUpdate":false,"showSkybox":true,"showFlares":true,"showImageEffects":true,"showParticleSystems":true},"in2DMode":false,"pivot":{"x":3.09004545211792,"y":-2.516894817352295,"z":19.00186538696289},"rotation":{"x":-0.11166726797819138,"y":0.016551345586776735,"z":-0.0012734986376017333,"w":-0.9936981201171875},"size":40.76473617553711,"orthographic":false}