{"cameraMode":{"drawMode":0,"name":"Shaded","section":"Shading Mode"},"sceneLighting":false,"audioPlay":false,"sceneViewState":{"showFog":true,"showMaterialUpdate":false,"showSkybox":false,"showFlares":true,"showImageEffects":true,"showParticleSystems":true},"in2DMode":false,"pivot":{"x":0.1336144357919693,"y":-1.3719329833984376,"z":3.1686248779296877},"rotation":{"x":-0.5591853260993958,"y":0.004481648560613394,"z":-0.003027923870831728,"w":-0.8290524482727051},"size":37.72407150268555,"orthographic":false}