{"cameraMode":{"drawMode":0,"name":"Shaded","section":"Shading Mode"},"sceneLighting":false,"audioPlay":false,"sceneViewState":{"showFog":true,"showMaterialUpdate":false,"showSkybox":false,"showFlares":true,"showImageEffects":true,"showParticleSystems":true},"in2DMode":false,"pivot":{"x":5.333333969116211,"y":1.0000003576278687,"z":6.333333492279053},"rotation":{"x":0.1673872321844101,"y":-0.6203227043151856,"z":0.13757836818695069,"w":0.7538560628890991},"size":15.73046588897705,"orthographic":true}